entity_id,spec_id
ENTITY#900,www.vology.com//4255
ENTITY#902,www.vology.com//1801
ENTITY#903,www.vology.com//3401
ENTITY#904,www.vology.com//1257
ENTITY#903,www.vology.com//1290
ENTITY#904,www.vology.com//3645
ENTITY#901,www.topendelectronic.co.uk//74
ENTITY#900,www.vology.com//4512
ENTITY#904,www.vology.com//148
ENTITY#901,www.vology.com//4136
ENTITY#900,www.vology.com//2809
ENTITY#901,www.vology.com//3914
ENTITY#904,www.vology.com//2889
ENTITY#901,www.vology.com//1109
ENTITY#903,www.vology.com//73
ENTITY#903,www.vology.com//1843
ENTITY#901,www.vology.com//4080
ENTITY#901,www.vology.com//1883
ENTITY#903,www.vology.com//2934
ENTITY#901,www.vology.com//2150
ENTITY#900,www.vology.com//1390
ENTITY#901,www.vology.com//1812
ENTITY#903,www.ebay.com//15903
ENTITY#902,www.vology.com//2097
ENTITY#901,www.softwarecity.ca//783
ENTITY#903,www.vology.com//2846
ENTITY#903,www.vology.com//3334
ENTITY#900,www.vology.com//3881
ENTITY#903,www.vology.com//2908
ENTITY#902,www.vology.com//4172
ENTITY#903,www.vology.com//1949
ENTITY#900,www.vology.com//2897
ENTITY#903,www.vology.com//4323
ENTITY#903,www.ebay.com//13884
ENTITY#903,www.vology.com//1546
ENTITY#903,www.vology.com//3945
ENTITY#904,www.vology.com//866
ENTITY#903,www.flexshopper.com//208
ENTITY#903,www.vology.com//3065
ENTITY#904,www.softwarecity.ca//768
ENTITY#900,www.vology.com//850
ENTITY#901,www.vology.com//1036
ENTITY#901,www.vology.com//536
ENTITY#903,www.vology.com//3635
ENTITY#901,www.vology.com//3926
ENTITY#905,www.ebay.com//13826
ENTITY#906,www.mygofer.com//135
ENTITY#906,www.staples.com//131
ENTITY#906,www.ebay.com//14686
ENTITY#905,www.ebay.com//16585
ENTITY#906,www.ebay.com//25198
ENTITY#906,www.mygofer.com//113
ENTITY#906,www.ebay.com//4104
ENTITY#906,www.ebay.com//51188
ENTITY#906,www.ebay.com//4877
ENTITY#906,www.ebay.com//17754
ENTITY#906,www.ebay.com//51558
ENTITY#906,www.ebay.com//26127
ENTITY#906,www.ebay.com//17728
ENTITY#906,www.staples.com//117
ENTITY#906,www.mygofer.com//173
ENTITY#906,www.ebay.com//13866
ENTITY#906,www.mygofer.com//7
ENTITY#906,www.mygofer.com//186
ENTITY#906,www.ebay.com//7481
ENTITY#906,www.ebay.com//14175
ENTITY#906,www.ebay.com//15854
ENTITY#906,www.ebay.com//18551
ENTITY#906,www.ebay.com//5503
ENTITY#906,www.ebay.com//2059
ENTITY#906,www.ebay.com//15837
ENTITY#906,www.ebay.com//13859
ENTITY#906,www.ebay.com//16927
ENTITY#906,wallmartphoto.com//674
ENTITY#905,www.ebay.com//5786
ENTITY#906,www.staples.com//120
ENTITY#906,www.ebay.com//15262
ENTITY#906,www.mygofer.com//180
ENTITY#906,www.ebay.com//17320
ENTITY#906,www.ebay.com//51204
ENTITY#906,www.ebay.com//13995
ENTITY#906,www.ebay.com//18215
ENTITY#906,www.ebay.com//49569
ENTITY#906,www.ebay.com//15107
ENTITY#906,www.ebay.com//25404
ENTITY#906,www.ebay.com//7228
ENTITY#906,www.ebay.com//49767
ENTITY#906,www.mygofer.com//114
ENTITY#906,www.ebay.com//15759
ENTITY#906,www.ebay.com//17845
ENTITY#906,www.ebay.com//17114
ENTITY#905,buy.net//514
ENTITY#906,www.ebay.com//25498
ENTITY#906,www.ebay.com//16627
ENTITY#906,www.staples.com//22
ENTITY#905,www.ebay.com//51186
ENTITY#906,www.ebay.com//16960
ENTITY#906,www.ebay.com//6267
ENTITY#905,www.ebay.com//14152
ENTITY#905,www.ebay.com//18422
ENTITY#906,www.ebay.com//14666
ENTITY#906,www.ebay.com//14129
ENTITY#906,www.ebay.com//50255
ENTITY#905,www.ebay.com//8840
ENTITY#905,www.ebay.com//17268
ENTITY#905,www.ebay.com//13980
ENTITY#906,www.overstock.com//673
ENTITY#906,www.ebay.com//25369
ENTITY#905,www.ebay.com//49452
ENTITY#906,www.ebay.com//16594
ENTITY#906,www.ebay.com//16712
ENTITY#906,www.ebay.com//50376
ENTITY#906,www.ebay.com//14489
ENTITY#906,www.ebay.com//52279
ENTITY#905,www.ebay.com//14158
ENTITY#906,www.ebay.com//6854
ENTITY#905,www.ebay.com//14477
ENTITY#906,www.staples.com//50
ENTITY#906,www.mygofer.com//335
ENTITY#906,www.ebay.com//14430
ENTITY#906,www.ebay.com//17441
ENTITY#906,www.ebay.com//7173
ENTITY#906,www.overstock.com//726
ENTITY#906,www.ebay.com//25287
ENTITY#906,www.ebay.com//15186
ENTITY#906,www.ebay.com//25385
ENTITY#906,www.mygofer.com//341
ENTITY#906,www.ebay.com//16872
ENTITY#906,www.ebay.com//13799
ENTITY#906,www.ebay.com//17278
ENTITY#905,www.ebay.com//5746
ENTITY#906,www.ebay.com//17215
ENTITY#906,www.ebay.com//17069
ENTITY#906,www.ebay.com//13935
ENTITY#906,www.mygofer.com//206
ENTITY#906,www.ebay.com//17949
ENTITY#905,www.ebay.com//17926
ENTITY#906,www.ebay.com//17004
ENTITY#906,www.ebay.com//26141
ENTITY#906,www.ebay.com//18023
ENTITY#906,www.ebay.com//16641
ENTITY#906,www.ebay.com//50024
ENTITY#906,www.ebay.com//15966
ENTITY#905,www.ebay.com//50062
ENTITY#906,www.mygofer.com//105
ENTITY#906,www.ebay.com//16791
ENTITY#906,www.ebay.com//51799
ENTITY#905,www.ebay.com//3372
ENTITY#906,www.ebay.com//26143
ENTITY#906,www.ebay.com//18513
ENTITY#906,www.ebay.com//17673
ENTITY#906,www.ebay.com//51191
ENTITY#906,www.ebay.com//16504
ENTITY#114,www.ebay.com//52405
ENTITY#114,www.ebay.com//17287
ENTITY#114,www.ebay.com//17642
ENTITY#114,www.ebay.com//3066
ENTITY#114,www.ebay.com//6682
ENTITY#114,www.ebay.com//49639
ENTITY#114,www.ebay.com//18033
ENTITY#114,www.ebay.com//51820
ENTITY#210,www.ebay.com//4166
ENTITY#210,livehotdeals.com//1072
ENTITY#210,ni.traetelo.com//5905
ENTITY#210,www.ebay.com//49652
ENTITY#210,www.ebay.com//49564
ENTITY#210,www.gosale.com//78
ENTITY#210,www.amazon.com//520
ENTITY#210,www.amazon.com//1939
ENTITY#210,www.ebay.com//8641
ENTITY#211,www.isupplyhub.com//138
ENTITY#211,www.ebay.com//6954
ENTITY#211,www.amazon.com//646
ENTITY#213,livehotdeals.com//1017
ENTITY#213,www.amazon.com//1396
ENTITY#214,www.ebay.com//8898
ENTITY#214,www.ebay.com//26213
ENTITY#217,www.ebay.com//51962
ENTITY#217,www.gosale.com//152
ENTITY#217,www.ebay.com//48750
ENTITY#217,www.amazon.com//1671
ENTITY#217,wallmartphoto.com//623
ENTITY#217,www.ebay.com//51767
ENTITY#217,www.amazon.com//1645
ENTITY#217,www.ebay.com//5096
ENTITY#217,www.isupplyhub.com//821
ENTITY#241,www.isupplyhub.com//602
ENTITY#241,ni.traetelo.com//5933
ENTITY#215,www.amazon.com//751
ENTITY#215,livehotdeals.com//1004
ENTITY#215,www.isupplyhub.com//224
ENTITY#218,www.amazon.com//357
ENTITY#218,www.bhphotovideo.com//238
ENTITY#221,www.ebay.com//49095
ENTITY#221,ni.traetelo.com//5943
ENTITY#222,www.amazon.com//2005
ENTITY#222,www.amazon.com//953
ENTITY#222,www.isupplyhub.com//1431
ENTITY#222,www.ebay.com//17284
ENTITY#230,www.amazon.com//1490
ENTITY#230,www.amazon.com//848
ENTITY#240,ni.traetelo.com//5945
ENTITY#240,www.ebay.com//3054
ENTITY#125,www.ebay.com//17275
ENTITY#908,www.vology.com//269
ENTITY#907,buy.net//2255
ENTITY#908,www.overstock.com//101
ENTITY#908,www.ebay.com//17716
ENTITY#125,www.ebay.com//6547
ENTITY#907,www.vology.com//1322
ENTITY#908,www.vology.com//1663
ENTITY#908,www.overstock.com//713
ENTITY#126,www.ebay.com//1716
ENTITY#909,www.ebay.com//49758
ENTITY#910,www.ebay.com//17199
ENTITY#126,www.ebay.com//15144
ENTITY#126,www.ebay.com//18274
ENTITY#126,www.ebay.com//16318
ENTITY#909,www.ebay.com//18732
ENTITY#909,www.ebay.com//16958
ENTITY#126,www.ebay.com//50272
ENTITY#909,www.ebay.com//17842
ENTITY#126,www.ebay.com//7947
ENTITY#909,www.ebay.com//17661
ENTITY#126,www.ebay.com//17166
ENTITY#126,www.ebay.com//50063
ENTITY#126,www.ebay.com//14212
ENTITY#910,www.ebay.com//17496
ENTITY#126,www.ebay.com//17839
ENTITY#910,www.ebay.com//14093
ENTITY#909,www.ebay.com//18726
ENTITY#126,www.ebay.com//14957
ENTITY#909,www.ebay.com//16748
ENTITY#909,www.ebay.com//18073
ENTITY#910,www.ebay.com//17665
ENTITY#126,www.ebay.com//50407
ENTITY#126,www.ebay.com//16050
ENTITY#126,www.ebay.com//18626
ENTITY#126,www.ebay.com//15813
ENTITY#909,www.ebay.com//17923
ENTITY#909,www.ebay.com//17367
ENTITY#126,www.ebay.com//15969
ENTITY#909,www.ebay.com//14886
ENTITY#911,www.ebay.com//50891
ENTITY#909,www.ebay.com//18345
ENTITY#909,www.ebay.com//17423
ENTITY#126,www.staples.com//121
ENTITY#126,www.ebay.com//17878
ENTITY#912,www.ebay.com//5629
ENTITY#909,www.ebay.com//18472
ENTITY#912,www.ebay.com//13801
ENTITY#909,www.ebay.com//14190
ENTITY#126,www.overstock.com//742
ENTITY#126,www.ebay.com//14259
ENTITY#909,www.ebay.com//15543
ENTITY#909,www.ebay.com//18119
ENTITY#909,www.ebay.com//13857
ENTITY#126,www.ebay.com//17635
ENTITY#126,www.ebay.com//18325
ENTITY#911,www.ebay.com//17551
ENTITY#909,www.ebay.com//14049
ENTITY#126,www.ebay.com//18311
ENTITY#909,www.ebay.com//51553
ENTITY#910,www.ebay.com//14231
ENTITY#909,www.ebay.com//17165
ENTITY#126,www.ebay.com//17535
ENTITY#912,www.ebay.com//16062
ENTITY#126,www.ebay.com//4934
ENTITY#126,www.staples.com//92
ENTITY#126,www.ebay.com//52475
ENTITY#909,www.ebay.com//2771
ENTITY#909,www.ebay.com//50937
ENTITY#909,www.ebay.com//3849
ENTITY#913,www.vology.com//2910
ENTITY#913,www.vology.com//672
ENTITY#915,www.vology.com//1312
ENTITY#915,www.vology.com//3843
ENTITY#914,www.vology.com//1632
ENTITY#914,www.ebay.com//17683
ENTITY#915,www.vology.com//50
ENTITY#916,www.ebay.com//17434
ENTITY#916,www.ebay.com//17927
ENTITY#917,www.ebay.com//49993
ENTITY#918,www.vology.com//533
ENTITY#917,www.ebay.com//51445
ENTITY#917,www.ebay.com//13919
ENTITY#919,www.ebay.com//15647
ENTITY#919,www.ebay.com//15019
ENTITY#919,www.ebay.com//16512
ENTITY#916,www.ebay.com//49706
ENTITY#917,www.ebay.com//14236
ENTITY#919,www.ebay.com//51406
ENTITY#917,www.ebay.com//3345
ENTITY#919,www.ebay.com//16767
ENTITY#920,www.ebay.com//49277
ENTITY#916,www.ebay.com//52050
ENTITY#917,www.vology.com//2137
ENTITY#917,www.ebay.com//15345
ENTITY#919,www.ebay.com//17249
ENTITY#916,www.ebay.com//51082
ENTITY#917,www.ebay.com//5021
ENTITY#919,www.ebay.com//52014
ENTITY#917,www.ebay.com//14018
ENTITY#918,www.ebay.com//26226
ENTITY#919,www.ebay.com//18741
ENTITY#917,www.vology.com//4281
ENTITY#916,www.ebay.com//3808
ENTITY#916,www.ebay.com//8868
ENTITY#917,www.ebay.com//49167
ENTITY#917,www.ebay.com//52321
ENTITY#917,www.ebay.com//17507
ENTITY#916,www.ebay.com//51745
ENTITY#917,www.ebay.com//14091
ENTITY#917,www.ebay.com//8591
ENTITY#917,www.ebay.com//8364
ENTITY#916,www.ebay.com//15229
ENTITY#916,www.ebay.com//17462
ENTITY#917,www.ebay.com//16900
ENTITY#917,www.ebay.com//18025
ENTITY#917,www.ebay.com//18139
ENTITY#920,www.vology.com//433
ENTITY#917,www.ebay.com//49402
ENTITY#160,www.ebay.com//51209
ENTITY#160,www.ebay.com//18536
ENTITY#921,www.topendelectronic.co.uk//98
ENTITY#922,www.flexshopper.com//1073
ENTITY#922,www.vology.com//4070
ENTITY#923,www.vology.com//1138
ENTITY#921,www.topendelectronic.co.uk//165
ENTITY#924,www.vology.com//41
ENTITY#922,www.vology.com//641
ENTITY#923,www.bidorbuy.co.za//2439
ENTITY#924,www.ebay.com//18190
ENTITY#925,www.vology.com//1687
ENTITY#925,www.vology.com//2859
ENTITY#926,www.vology.com//4482
ENTITY#926,www.vology.com//1131
ENTITY#926,www.vology.com//1005
ENTITY#926,www.vology.com//545
ENTITY#926,www.vology.com//4100
ENTITY#926,www.vology.com//1191
ENTITY#927,www.vology.com//462
ENTITY#928,www.vology.com//3679
ENTITY#926,www.vology.com//2903
ENTITY#926,www.vology.com//2723
ENTITY#926,www.vology.com//658
ENTITY#926,www.vology.com//230
ENTITY#927,www.vology.com//426
ENTITY#928,www.vology.com//3207
ENTITY#926,www.ebay.com//18060
ENTITY#926,www.vology.com//3287
ENTITY#927,www.vology.com//442
ENTITY#928,www.vology.com//399
ENTITY#929,www.vology.com//3195
ENTITY#930,www.vology.com//3010
ENTITY#930,www.vology.com//823
ENTITY#929,www.vology.com//796
ENTITY#930,www.vology.com//4068
ENTITY#929,www.vology.com//11
ENTITY#929,www.vology.com//356
ENTITY#930,www.isupplyhub.com//1244
ENTITY#929,www.vology.com//934
ENTITY#929,www.vology.com//1058
ENTITY#930,www.vology.com//4493
ENTITY#931,www.vology.com//1438
ENTITY#929,www.vology.com//3219
ENTITY#930,www.vology.com//2002
ENTITY#929,www.vology.com//2739
ENTITY#930,www.vology.com//2095
ENTITY#931,www.vology.com//3281
ENTITY#930,www.vology.com//1759
ENTITY#932,www.vology.com//4507
ENTITY#929,www.vology.com//3785
ENTITY#933,www.vology.com//3944
ENTITY#929,www.vology.com//1392
ENTITY#932,www.vology.com//277
ENTITY#930,www.vology.com//497
ENTITY#930,www.vology.com//1416
ENTITY#930,www.vology.com//2129
ENTITY#934,www.ebay.com//49294
ENTITY#929,www.vology.com//1255
ENTITY#929,www.vology.com//1069
ENTITY#930,www.vology.com//1945
ENTITY#930,www.vology.com//1927
ENTITY#930,www.vology.com//3066
ENTITY#930,www.vology.com//3543
ENTITY#930,www.vology.com//1608
ENTITY#934,www.vology.com//3098
ENTITY#930,www.vology.com//4058
ENTITY#930,www.vology.com//4413
ENTITY#930,www.vology.com//719
ENTITY#930,www.vology.com//1728
ENTITY#930,www.vology.com//2996
ENTITY#930,www.vology.com//842
ENTITY#930,www.vology.com//2848
ENTITY#930,www.vology.com//852
ENTITY#930,www.vology.com//3113
ENTITY#929,www.vology.com//3734
ENTITY#933,www.vology.com//1578
ENTITY#930,www.vology.com//3413
ENTITY#935,www.vology.com//2085
ENTITY#936,www.vology.com//4289
ENTITY#936,www.vology.com//526
ENTITY#935,www.vology.com//2151
ENTITY#935,www.vology.com//1349
ENTITY#937,www.vology.com//4455
ENTITY#935,www.vology.com//538
ENTITY#937,www.vology.com//324
ENTITY#935,www.vology.com//248
ENTITY#935,www.vology.com//2990
ENTITY#935,www.vology.com//1485
ENTITY#936,www.vology.com//3021
ENTITY#936,www.vology.com//571
ENTITY#935,www.vology.com//2084
ENTITY#935,www.vology.com//4475
ENTITY#936,www.vology.com//4526
ENTITY#936,www.vology.com//4151
ENTITY#935,www.vology.com//3189
ENTITY#935,www.vology.com//3778
ENTITY#936,www.vology.com//2034
ENTITY#935,www.vology.com//478
ENTITY#936,www.vology.com//1040
ENTITY#935,www.vology.com//546
ENTITY#935,www.vology.com//1352
ENTITY#935,www.vology.com//3820
ENTITY#935,www.vology.com//214
ENTITY#936,www.vology.com//1969
ENTITY#937,www.vology.com//3585
ENTITY#936,www.vology.com//1644
ENTITY#936,www.vology.com//4166
ENTITY#936,www.vology.com//550
ENTITY#935,www.vology.com//3718
ENTITY#935,www.vology.com//3330
ENTITY#935,www.vology.com//4546
ENTITY#935,www.vology.com//1566
ENTITY#935,www.vology.com//501
ENTITY#935,www.vology.com//1870
ENTITY#935,www.vology.com//1001
ENTITY#935,www.vology.com//146
ENTITY#936,www.vology.com//286
ENTITY#937,www.vology.com//25
ENTITY#935,www.vology.com//3279
ENTITY#935,www.vology.com//224
ENTITY#935,www.vology.com//1862
ENTITY#935,www.vology.com//2989
ENTITY#936,www.vology.com//180
ENTITY#936,www.vology.com//4139
ENTITY#935,www.vology.com//457
ENTITY#936,www.vology.com//123
ENTITY#935,www.vology.com//188
ENTITY#938,www.vology.com//4288
ENTITY#939,www.vology.com//1414
ENTITY#939,www.ebay.com//15463
ENTITY#939,www.ebay.com//16191
ENTITY#939,www.tigerdirect.com//12
ENTITY#939,www.flexshopper.com//488
ENTITY#939,buy.net//1960
ENTITY#939,www.vology.com//282
ENTITY#939,www.vology.com//80
ENTITY#939,www.topendelectronic.co.uk//472
ENTITY#938,www.vology.com//3641
ENTITY#939,www.vology.com//4000
ENTITY#938,www.vology.com//323
ENTITY#939,www.flexshopper.com//884
ENTITY#939,www.vology.com//1277
ENTITY#939,www.softwarecity.ca//737
ENTITY#939,www.ebay.com//18562
ENTITY#939,www.pricequebec.com//824
ENTITY#938,www.vology.com//1724
ENTITY#938,www.ebay.com//17628
ENTITY#940,www.vology.com//685
ENTITY#938,www.pricequebec.com//2556
ENTITY#939,www.vology.com//439
ENTITY#939,www.ebay.com//18566
ENTITY#939,www.vology.com//3901
ENTITY#939,www.vology.com//4239
ENTITY#938,www.vology.com//105
ENTITY#938,www.vology.com//1678
ENTITY#938,www.vology.com//1068
ENTITY#939,www.vology.com//521
ENTITY#939,www.ebay.com//8312
ENTITY#941,www.vology.com//2126
ENTITY#939,www.vology.com//103
ENTITY#938,www.vology.com//3938
ENTITY#939,www.vology.com//4272
ENTITY#939,www.vology.com//1567
ENTITY#938,www.vology.com//3356
ENTITY#942,www.vology.com//1026
ENTITY#939,www.vology.com//3333
ENTITY#939,www.vology.com//632
ENTITY#938,www.vology.com//4484
ENTITY#942,www.flexshopper.com//778
ENTITY#939,www.vology.com//235
ENTITY#941,www.vology.com//3038
ENTITY#938,www.vology.com//3017
ENTITY#939,www.vology.com//873
ENTITY#939,www.vology.com//807
ENTITY#939,www.vology.com//2778
ENTITY#941,www.vology.com//1921
ENTITY#938,www.vology.com//4007
ENTITY#942,www.vology.com//1682
ENTITY#938,www.vology.com//4083
ENTITY#939,www.vology.com//826
ENTITY#942,www.vology.com//2999
ENTITY#939,www.vology.com//3784
ENTITY#940,www.ebay.com//25226
ENTITY#939,www.vology.com//1895
ENTITY#939,www.vology.com//1004
ENTITY#938,www.ebay.com//3184
ENTITY#939,www.vology.com//62
ENTITY#939,www.vology.com//1956
ENTITY#941,www.vology.com//3781
ENTITY#939,www.ebay.com//16080
ENTITY#938,www.vology.com//1189
ENTITY#939,www.vology.com//469
ENTITY#942,www.pricequebec.com//886
ENTITY#943,www.vology.com//4402
ENTITY#944,www.vology.com//3157
ENTITY#943,www.vology.com//4463
ENTITY#944,www.vology.com//642
ENTITY#944,www.vology.com//4016
ENTITY#943,www.vology.com//1978
ENTITY#943,www.vology.com//3790
ENTITY#943,www.vology.com//425
ENTITY#943,www.vology.com//844
ENTITY#943,www.vology.com//1703
ENTITY#943,www.vology.com//74
ENTITY#943,www.vology.com//1286
ENTITY#943,www.flexshopper.com//1729
ENTITY#944,www.vology.com//1569
ENTITY#943,www.vology.com//1180
ENTITY#944,www.vology.com//3654
ENTITY#943,www.vology.com//988
ENTITY#944,www.vology.com//4049
ENTITY#945,www.ebay.com//15097
ENTITY#945,www.ebay.com//50320
ENTITY#945,www.ebay.com//15927
ENTITY#945,www.ebay.com//5031
ENTITY#945,www.ebay.com//49420
ENTITY#946,wallmartphoto.com//432
ENTITY#947,buy.net//121
ENTITY#947,wallmartphoto.com//239
ENTITY#946,www.flexshopper.com//599
ENTITY#947,www.thenerds.net//1181
ENTITY#947,www.flexshopper.com//1361
ENTITY#946,buy.net//1063
ENTITY#946,www.topendelectronic.co.uk//79
ENTITY#947,www.thenerds.net//1135
ENTITY#947,www.topendelectronic.co.uk//89
ENTITY#948,www.ebay.com//13882
ENTITY#948,www.vology.com//401
ENTITY#948,www.ebay.com//8237
ENTITY#948,www.ebay.com//16601
ENTITY#948,www.flexshopper.com//1335
ENTITY#948,www.vology.com//3294
ENTITY#303,www.isupplyhub.com//344
ENTITY#303,www.ebay.com//5872
ENTITY#303,wallmartphoto.com//830
ENTITY#949,www.ebay.com//16819
ENTITY#950,www.ebay.com//5899
ENTITY#949,www.ebay.com//17920
ENTITY#949,www.ebay.com//17167
ENTITY#950,www.ebay.com//17354
ENTITY#949,www.ebay.com//49719
ENTITY#951,www.ebay.com//9224
ENTITY#951,www.ebay.com//51496
ENTITY#952,www.ebay.com//3704
ENTITY#952,www.ebay.com//2279
ENTITY#952,www.ebay.com//51102
ENTITY#952,www.ebay.com//51147
ENTITY#952,www.ebay.com//5557
ENTITY#952,www.ebay.com//49545
ENTITY#952,www.ebay.com//6132
ENTITY#1040,www.ebay.com//17228
ENTITY#1040,www.ebay.com//7878
ENTITY#953,www.ebay.com//14866
ENTITY#953,www.vology.com//666
ENTITY#953,www.vology.com//579
ENTITY#312,www.topendelectronic.co.uk//406
ENTITY#312,www.thenerds.net//1073
ENTITY#954,www.vology.com//313
ENTITY#954,www.vology.com//260
ENTITY#954,www.vology.com//3508
ENTITY#955,www.vology.com//1051
ENTITY#955,www.vology.com//905
ENTITY#955,www.vology.com//1015
ENTITY#955,www.tigerdirect.com//121
ENTITY#954,www.ebay.com//17329
ENTITY#956,www.vology.com//1462
ENTITY#956,www.vology.com//582
ENTITY#954,www.vology.com//4473
ENTITY#954,www.vology.com//3209
ENTITY#954,www.vology.com//604
ENTITY#955,www.vology.com//3637
ENTITY#955,www.vology.com//3389
ENTITY#954,www.ebay.com//17695
ENTITY#955,www.vology.com//3417
ENTITY#955,www.vology.com//1995
ENTITY#955,www.vology.com//793
ENTITY#954,www.vology.com//4125
ENTITY#955,www.vology.com//3198
ENTITY#954,www.vology.com//1937
ENTITY#954,www.pricequebec.com//976
ENTITY#955,www.vology.com//1374
ENTITY#954,www.vology.com//4503
ENTITY#954,www.vology.com//4279
ENTITY#955,www.vology.com//139
ENTITY#956,www.vology.com//3599
ENTITY#955,www.vology.com//4359
ENTITY#955,www.vology.com//1249
ENTITY#954,www.vology.com//1181
ENTITY#955,www.vology.com//3170
ENTITY#954,www.vology.com//3187
ENTITY#954,www.vology.com//2738
ENTITY#956,www.vology.com//3327
ENTITY#955,www.vology.com//3528
ENTITY#954,www.vology.com//2086
ENTITY#955,www.vology.com//4467
ENTITY#955,www.vology.com//3759
ENTITY#954,www.vology.com//1935
ENTITY#957,www.vology.com//4108
ENTITY#957,www.vology.com//3742
ENTITY#958,www.vology.com//756
ENTITY#958,www.vology.com//3632
ENTITY#957,www.vology.com//1134
ENTITY#958,www.vology.com//2932
ENTITY#957,www.vology.com//413
ENTITY#957,www.vology.com//1107
ENTITY#957,www.vology.com//1810
ENTITY#958,www.vology.com//1430
ENTITY#958,www.vology.com//3957
ENTITY#958,www.vology.com//2017
ENTITY#959,www.vology.com//4437
ENTITY#958,www.vology.com//435
ENTITY#957,www.vology.com//1463
ENTITY#957,www.vology.com//3674
ENTITY#958,www.vology.com//4190
ENTITY#958,www.vology.com//554
ENTITY#958,www.vology.com//558
ENTITY#958,www.vology.com//1878
ENTITY#957,www.vology.com//1618
ENTITY#957,www.vology.com//2140
ENTITY#958,www.vology.com//81
ENTITY#959,www.vology.com//3250
ENTITY#958,www.vology.com//1677
ENTITY#957,www.vology.com//1889
ENTITY#957,www.vology.com//2031
ENTITY#958,www.vology.com//3032
ENTITY#958,www.vology.com//4339
ENTITY#957,www.vology.com//1491
ENTITY#958,www.vology.com//668
ENTITY#958,www.vology.com//1287
ENTITY#957,www.vology.com//21
ENTITY#958,www.vology.com//3605
ENTITY#957,www.vology.com//643
ENTITY#959,www.vology.com//2064
ENTITY#957,www.vology.com//1273
ENTITY#959,www.vology.com//3597
ENTITY#958,buy.net//370
ENTITY#957,www.vology.com//3304
ENTITY#317,www.ebay.com//6621
ENTITY#317,www.ebay.com//49529
ENTITY#317,www.topendelectronic.co.uk//417
ENTITY#318,www.ebay.com//50067
ENTITY#318,www.ebay.com//7710
ENTITY#320,www.thenerds.net//835
ENTITY#320,www.flexshopper.com//1050
ENTITY#320,www.ebay.com//49624
ENTITY#320,buy.net//1801
ENTITY#328,www.ebay.com//50733
ENTITY#328,www.ebay.com//52368
ENTITY#328,www.ebay.com//52246
ENTITY#328,www.ebay.com//52104
ENTITY#329,www.ebay.com//2558
ENTITY#329,www.ebay.com//8513
ENTITY#600,www.amazon.com//8
ENTITY#600,www.ebay.com//52346
ENTITY#600,www.isupplyhub.com//1377
ENTITY#330,www.amazon.com//1835
ENTITY#330,www.ebay.com//49201
ENTITY#330,www.isupplyhub.com//1434
ENTITY#330,www.bhphotovideo.com//284
ENTITY#961,www.amazon.com//1879
ENTITY#962,www.isupplyhub.com//389
ENTITY#961,www.isupplyhub.com//168
ENTITY#330,www.isupplyhub.com//748
ENTITY#960,www.ebay.com//49696
ENTITY#330,wallmartphoto.com//596
ENTITY#962,www.amazon.com//1652
ENTITY#960,wallmartphoto.com//444
ENTITY#963,www.ebay.com//3067
ENTITY#964,www.ebay.com//49787
ENTITY#964,www.ebay.com//25511
ENTITY#963,www.ebay.com//49711
ENTITY#334,www.ebay.com//16693
ENTITY#334,www.ebay.com//14515
ENTITY#1041,www.ebay.com//4120
ENTITY#1041,www.gosale.com//112
ENTITY#341,www.ebay.com//7249
ENTITY#341,www.ebay.com//50812
ENTITY#341,www.ebay.com//52310
ENTITY#341,www.ebay.com//49919
ENTITY#341,www.ebay.com//50378
ENTITY#341,www.ebay.com//2081
ENTITY#341,www.ebay.com//2544
ENTITY#342,www.isupplyhub.com//968
ENTITY#342,www.amazon.com//1102
ENTITY#342,www.amazon.com//1340
ENTITY#965,www.ebay.com//6701
ENTITY#966,www.ebay.com//18639
ENTITY#966,www.ebay.com//17082
ENTITY#965,www.ebay.com//3379
ENTITY#346,www.ebay.com//50581
ENTITY#346,www.ebay.com//50557
ENTITY#346,www.ebay.com//1714
ENTITY#346,www.ebay.com//51403
ENTITY#346,www.ebay.com//8306
ENTITY#967,www.ebay.com//50826
ENTITY#968,www.ebay.com//8702
ENTITY#968,www.ebay.com//51427
ENTITY#967,www.ebay.com//51326
ENTITY#968,www.ebay.com//16825
ENTITY#968,www.ebay.com//4293
ENTITY#969,www.vology.com//1774
ENTITY#970,buy.net//1160
ENTITY#969,www.vology.com//2869
ENTITY#969,www.ebay.com//5633
ENTITY#969,www.vology.com//606
ENTITY#970,www.flexshopper.com//2092
ENTITY#970,www.ebay.com//16590
ENTITY#969,www.ebay.com//17822
ENTITY#969,www.ebay.com//6843
ENTITY#969,www.flexshopper.com//374
ENTITY#969,www.flexshopper.com//895
ENTITY#969,www.vology.com//2941
ENTITY#970,ni.traetelo.com//5957
ENTITY#970,www.topendelectronic.co.uk//210
ENTITY#971,www.ebay.com//5685
ENTITY#971,www.topendelectronic.co.uk//139
ENTITY#971,www.topendelectronic.co.uk//238
ENTITY#972,www.ebay.com//17146
ENTITY#972,www.ebay.com//26177
ENTITY#972,www.ebay.com//18049
ENTITY#973,www.ebay.com//50817
ENTITY#973,www.ebay.com//7586
ENTITY#974,www.ebay.com//50737
ENTITY#974,www.ebay.com//6047
ENTITY#974,www.ebay.com//50893
ENTITY#975,www.ebay.com//16773
ENTITY#975,www.ebay.com//2578
ENTITY#975,ni.traetelo.com//5969
ENTITY#976,www.ebay.com//50092
ENTITY#976,www.ebay.com//15289
ENTITY#977,www.ebay.com//7748
ENTITY#977,www.ebay.com//2019
ENTITY#978,www.ebay.com//25460
ENTITY#978,www.ebay.com//15756
ENTITY#979,www.ebay.com//6397
ENTITY#977,www.ebay.com//7616
ENTITY#979,www.ebay.com//51482
ENTITY#364,www.ebay.com//52009
ENTITY#364,www.ebay.com//14574
ENTITY#364,www.ebay.com//2502
ENTITY#980,www.isupplyhub.com//1535
ENTITY#980,ni.traetelo.com//5901
ENTITY#981,www.flexshopper.com//1155
ENTITY#982,www.flexshopper.com//979
ENTITY#982,www.flexshopper.com//1413
ENTITY#983,www.flexshopper.com//840
ENTITY#982,www.topendelectronic.co.uk//476
ENTITY#982,buy.net//945
ENTITY#984,www.ebay.com//7801
ENTITY#982,www.vology.com//2836
ENTITY#985,www.flexshopper.com//1318
ENTITY#981,www.flexshopper.com//2572
ENTITY#985,www.ebay.com//17882
ENTITY#984,www.flexshopper.com//1333
ENTITY#983,www.topendelectronic.co.uk//128
ENTITY#984,www.ebay.com//15252
ENTITY#985,www.vology.com//1102
ENTITY#982,www.flexshopper.com//2078
ENTITY#982,buy.net//2154
ENTITY#984,www.ebay.com//18480
ENTITY#984,www.ebay.com//18586
ENTITY#982,www.flexshopper.com//659
ENTITY#985,www.flexshopper.com//2475
ENTITY#984,www.ebay.com//16802
ENTITY#984,www.flexshopper.com//2098
ENTITY#981,www.flexshopper.com//696
ENTITY#983,www.tigerdirect.com//136
ENTITY#986,buy.net//1883
ENTITY#983,www.ebay.com//18336
ENTITY#983,www.flexshopper.com//521
ENTITY#987,buy.net//2278
ENTITY#982,www.flexshopper.com//1622
ENTITY#988,www.vology.com//2096
ENTITY#988,www.bidorbuy.co.za//537
ENTITY#987,www.flexshopper.com//1828
ENTITY#987,www.topendelectronic.co.uk//69
ENTITY#986,www.flexshopper.com//2557
ENTITY#986,buy.net//2251
ENTITY#987,www.flexshopper.com//2215
ENTITY#985,www.vology.com//3889
ENTITY#986,www.isupplyhub.com//1474
ENTITY#985,www.flexshopper.com//1728
ENTITY#987,www.topendelectronic.co.uk//70
ENTITY#985,www.flexshopper.com//2436
ENTITY#981,www.flexshopper.com//898
ENTITY#989,www.ebay.com//17914
ENTITY#990,www.ebay.com//16735
ENTITY#991,www.ebay.com//18167
ENTITY#990,www.ebay.com//17504
ENTITY#989,www.ebay.com//15862
ENTITY#989,www.ebay.com//13870
ENTITY#990,www.ebay.com//14377
ENTITY#991,www.ebay.com//17214
ENTITY#992,www.flexshopper.com//43
ENTITY#992,www.thenerds.net//827
ENTITY#994,buy.net//1567
ENTITY#992,wallmartphoto.com//344
ENTITY#992,www.thenerds.net//718
ENTITY#992,www.flexshopper.com//2217
ENTITY#994,www.flexshopper.com//2235
ENTITY#994,www.thenerds.net//1234
ENTITY#994,wallmartphoto.com//33
ENTITY#994,www.flexshopper.com//2324
ENTITY#994,www.flexshopper.com//1238
ENTITY#992,buy.net//93
ENTITY#994,wallmartphoto.com//209
ENTITY#992,buy.net//1759
ENTITY#994,www.thenerds.net//1034
ENTITY#994,www.flexshopper.com//750
ENTITY#995,www.amazon.com//1780
ENTITY#996,www.flexshopper.com//896
ENTITY#996,www.amazon.com//2133
ENTITY#996,www.flexshopper.com//429
ENTITY#996,www.thenerds.net//1391
ENTITY#995,www.amazon.com//1836
ENTITY#995,www.amazon.com//372
ENTITY#995,www.amazon.com//2191
ENTITY#995,www.amazon.com//753
ENTITY#995,www.amazon.com//1664
ENTITY#997,www.isupplyhub.com//970
ENTITY#997,www.gosale.com//130
ENTITY#998,www.amazon.com//90
ENTITY#998,www.amazon.com//413
ENTITY#996,www.amazon.com//1307
ENTITY#995,www.amazon.com//241
ENTITY#996,www.amazon.com//218
ENTITY#996,www.amazon.com//1690
ENTITY#996,www.flexshopper.com//2523
ENTITY#996,www.isupplyhub.com//1269
ENTITY#999,wallmartphoto.com//859
ENTITY#1000,www.amazon.com//1313
ENTITY#1000,www.thenerds.net//1129
ENTITY#1000,www.amazon.com//2395
ENTITY#1001,www.thenerds.net//862
ENTITY#1000,buy.net//634
ENTITY#1000,www.flexshopper.com//1098
ENTITY#1000,buy.net//393
ENTITY#1001,buy.net//2012
ENTITY#1001,www.flexshopper.com//1352
ENTITY#1000,www.thenerds.net//1396
ENTITY#1000,www.amazon.com//1081
ENTITY#1000,www.amazon.com//1014
ENTITY#1001,www.flexshopper.com//1905
ENTITY#999,www.amazon.com//1166
ENTITY#1000,www.flexshopper.com//2173
ENTITY#1001,www.amazon.com//2284
ENTITY#999,wallmartphoto.com//765
ENTITY#1000,www.amazon.com//291
ENTITY#1000,www.amazon.com//2226
ENTITY#1000,www.amazon.com//1389
ENTITY#1001,www.isupplyhub.com//326
ENTITY#1002,www.flexshopper.com//326
ENTITY#1003,www.isupplyhub.com//451
ENTITY#1004,www.isupplyhub.com//648
ENTITY#1004,buy.net//1992
ENTITY#1004,wallmartphoto.com//411
ENTITY#1003,www.topendelectronic.co.uk//93
ENTITY#1003,www.amazon.com//331
ENTITY#1003,www.topendelectronic.co.uk//448
ENTITY#1003,wallmartphoto.com//813
ENTITY#1003,www.amazon.com//1545
ENTITY#1003,www.thenerds.net//1394
ENTITY#1004,www.thenerds.net//1265
ENTITY#1003,www.amazon.com//279
ENTITY#1004,www.flexshopper.com//292
ENTITY#1003,buy.net//1836
ENTITY#1002,www.amazon.com//1752
ENTITY#1003,www.flexshopper.com//741
ENTITY#390,www.amazon.com//1904
ENTITY#390,www.isupplyhub.com//1586
ENTITY#1005,www.amazon.com//1573
ENTITY#1006,www.isupplyhub.com//391
ENTITY#1006,www.amazon.com//928
ENTITY#390,www.amazon.com//2043
ENTITY#1005,www.isupplyhub.com//406
ENTITY#1007,www.thenerds.net//1274
ENTITY#1008,www.thenerds.net//1254
ENTITY#1007,www.flexshopper.com//1051
ENTITY#1008,www.topendelectronic.co.uk//110
ENTITY#1009,www.thenerds.net//1039
ENTITY#1009,www.thenerds.net//1184
ENTITY#1010,www.thenerds.net//1434
ENTITY#1010,www.thenerds.net//1221
ENTITY#397,www.isupplyhub.com//1642
ENTITY#397,www.bhphotovideo.com//159
ENTITY#398,www.amazon.com//400
ENTITY#1011,www.thenerds.net//1504
ENTITY#398,www.isupplyhub.com//603
ENTITY#398,www.amazon.com//2170
ENTITY#1011,www.topendelectronic.co.uk//297
ENTITY#403,www.ebay.com//3828
ENTITY#403,www.staples.com//97
ENTITY#407,www.flexshopper.com//225
ENTITY#407,www.flexshopper.com//2397
ENTITY#407,www.flexshopper.com//816
ENTITY#408,www.ebay.com//15136
ENTITY#408,www.ebay.com//17972
ENTITY#408,www.ebay.com//17905
ENTITY#408,www.ebay.com//15856
ENTITY#408,www.ebay.com//17766
ENTITY#408,www.ebay.com//17987
ENTITY#1037,www.topendelectronic.co.uk//126
ENTITY#1038,www.topendelectronic.co.uk//492
ENTITY#1037,www.thenerds.net//1575
ENTITY#1038,wallmartphoto.com//599
ENTITY#1038,buy.net//1731
ENTITY#1038,www.thenerds.net//885
ENTITY#1039,www.thenerds.net//1200
ENTITY#1039,www.amazon.com//1961
ENTITY#1056,www.ebay.com//3824
ENTITY#1057,www.ebay.com//1777
ENTITY#1057,www.ebay.com//51351
ENTITY#1056,www.ebay.com//6512
ENTITY#420,www.ebay.com//50884
ENTITY#420,www.ebay.com//17907
ENTITY#424,www.ebay.com//49815
ENTITY#424,www.ebay.com//51664
ENTITY#424,www.vology.com//3193
ENTITY#424,www.ebay.com//49523
ENTITY#425,www.isupplyhub.com//513
ENTITY#425,www.bidorbuy.co.za//1863
ENTITY#1050,www.thenerds.net//978
ENTITY#1045,www.ebay.com//17349
ENTITY#1046,www.flexshopper.com//2237
ENTITY#1047,www.flexshopper.com//2032
ENTITY#1047,www.flexshopper.com//990
ENTITY#1048,www.flexshopper.com//703
ENTITY#1048,www.ebay.com//25241
ENTITY#1049,www.ebay.com//17150
ENTITY#1050,www.flexshopper.com//2128
ENTITY#1046,www.ebay.com//14186
ENTITY#1045,www.bidorbuy.co.za//2023
ENTITY#1048,buy.net//132
ENTITY#1048,buy.net//1789
ENTITY#1049,www.amazon.com//1647
ENTITY#1051,www.amazon.com//2384
ENTITY#1051,www.amazon.com//1875
ENTITY#1051,www.isupplyhub.com//399
ENTITY#1052,www.tigerdirect.com//38
ENTITY#1052,www.isupplyhub.com//1453
ENTITY#1052,www.flexshopper.com//1237
ENTITY#1053,www.flexshopper.com//158
ENTITY#1053,wallmartphoto.com//736
ENTITY#1052,www.amazon.com//369
ENTITY#1052,www.isupplyhub.com//577
ENTITY#1053,www.tigerdirect.com//86
ENTITY#1054,www.isupplyhub.com//1070
ENTITY#1053,www.isupplyhub.com//37
ENTITY#1052,wallmartphoto.com//187
ENTITY#1052,www.isupplyhub.com//950
ENTITY#1052,www.flexshopper.com//1733
ENTITY#1052,buy.net//1625
ENTITY#1052,www.gosale.com//74
ENTITY#1053,buy.net//1179
ENTITY#1052,buy.net//1665
ENTITY#1052,www.isupplyhub.com//1648
ENTITY#1052,buy.net//889
ENTITY#1053,www.mygofer.com//32
ENTITY#1053,www.thenerds.net//1499
ENTITY#1053,www.amazon.com//981
ENTITY#1052,www.thenerds.net//1037
ENTITY#1054,www.pricequebec.com//698
ENTITY#1053,www.flexshopper.com//1131
ENTITY#1053,www.thenerds.net//937
ENTITY#1055,www.ebay.com//49451
ENTITY#1055,www.ebay.com//1657
ENTITY#1043,buy.net//1248
ENTITY#1043,www.topendelectronic.co.uk//390
ENTITY#1043,www.ebay.com//16864
ENTITY#1043,www.flexshopper.com//2395
ENTITY#1044,www.topendelectronic.co.uk//60
ENTITY#1043,www.thenerds.net//1236
ENTITY#1044,buy.net//890
ENTITY#1043,www.ebay.com//5483
ENTITY#1042,www.ebay.com//14140
ENTITY#1042,www.topendelectronic.co.uk//258
ENTITY#1042,www.isupplyhub.com//1232
ENTITY#1042,www.gosale.com//93
ENTITY#1042,www.isupplyhub.com//157
ENTITY#1042,www.gosale.com//99
ENTITY#435,www.ebay.com//50595
ENTITY#435,www.topendelectronic.co.uk//445
ENTITY#435,www.flexshopper.com//976
ENTITY#436,www.thenerds.net//1246
ENTITY#436,www.flexshopper.com//742
ENTITY#436,www.amazon.com//398
ENTITY#436,www.isupplyhub.com//890
ENTITY#438,wallmartphoto.com//418
ENTITY#438,www.thenerds.net//758
ENTITY#438,buy.net//116
ENTITY#1034,www.amazon.com//1365
ENTITY#1035,www.amazon.com//1980
ENTITY#1034,www.isupplyhub.com//573
ENTITY#1036,www.flexshopper.com//458
ENTITY#1036,www.flexshopper.com//2450
ENTITY#1034,www.isupplyhub.com//274
ENTITY#1034,www.flexshopper.com//869
ENTITY#1036,www.isupplyhub.com//1128
ENTITY#1036,www.isupplyhub.com//822
ENTITY#1035,www.isupplyhub.com//361
ENTITY#441,www.thenerds.net//985
ENTITY#441,buy.net//1963
ENTITY#441,www.isupplyhub.com//669
ENTITY#1033,buy.net//923
ENTITY#1033,www.thenerds.net//916
ENTITY#442,wallmartphoto.com//545
ENTITY#442,www.isupplyhub.com//178
ENTITY#443,www.topendelectronic.co.uk//181
ENTITY#443,www.thenerds.net//956
ENTITY#443,www.topendelectronic.co.uk//393
ENTITY#443,www.thenerds.net//1516
ENTITY#443,www.ebay.com//3862
ENTITY#443,wallmartphoto.com//309
ENTITY#444,www.gosale.com//53
ENTITY#444,wallmartphoto.com//787
ENTITY#444,buy.net//258
ENTITY#444,www.isupplyhub.com//348
ENTITY#444,buy.net//731
ENTITY#444,www.topendelectronic.co.uk//133
ENTITY#444,www.thenerds.net//887
ENTITY#444,www.topendelectronic.co.uk//382
ENTITY#444,www.thenerds.net//754
ENTITY#444,wallmartphoto.com//228
ENTITY#445,buy.net//1655
ENTITY#445,www.thenerds.net//1290
ENTITY#445,www.topendelectronic.co.uk//470
ENTITY#448,www.thenerds.net//1374
ENTITY#448,www.isupplyhub.com//779
ENTITY#448,www.amazon.com//821
ENTITY#448,www.amazon.com//1646
ENTITY#452,buy.net//2109
ENTITY#452,www.thenerds.net//922
ENTITY#452,www.topendelectronic.co.uk//202
ENTITY#452,buy.net//243
ENTITY#452,www.thenerds.net//1420
ENTITY#452,www.topendelectronic.co.uk//453
ENTITY#453,www.isupplyhub.com//459
ENTITY#453,www.amazon.com//2294
ENTITY#453,www.isupplyhub.com//1256
ENTITY#1031,www.vology.com//3351
ENTITY#1031,www.pricequebec.com//1215
ENTITY#1032,www.pricequebec.com//2492
ENTITY#1032,www.pricequebec.com//503
ENTITY#1031,www.vology.com//1434
ENTITY#1032,www.pricequebec.com//1488
ENTITY#1025,www.vology.com//3582
ENTITY#1026,www.vology.com//3542
ENTITY#1027,www.vology.com//1299
ENTITY#1028,www.pricequebec.com//2058
ENTITY#1025,www.pricequebec.com//547
ENTITY#1026,www.pricequebec.com//2017
ENTITY#1029,www.vology.com//4222
ENTITY#1027,www.vology.com//1765
ENTITY#1028,www.pricequebec.com//884
ENTITY#1030,www.pricequebec.com//99
ENTITY#1029,www.vology.com//441
ENTITY#1025,www.vology.com//2924
ENTITY#1027,www.amazon.com//536
ENTITY#1025,www.vology.com//688
ENTITY#1026,www.vology.com//4545
ENTITY#1026,www.pricequebec.com//2111
ENTITY#1027,www.vology.com//1676
ENTITY#1026,www.pricequebec.com//610
ENTITY#1030,www.ebay.com//1702
ENTITY#1030,www.vology.com//47
ENTITY#1026,www.ebay.com//3737
ENTITY#1030,www.vology.com//4052
ENTITY#1028,www.vology.com//998
ENTITY#1023,www.ebay.com//15967
ENTITY#1024,www.ebay.com//50003
ENTITY#1024,www.ebay.com//7322
ENTITY#1024,www.ebay.com//16400
ENTITY#1024,www.ebay.com//17453
ENTITY#1024,www.ebay.com//50631
ENTITY#1023,www.ebay.com//15923
ENTITY#1016,www.isupplyhub.com//75
ENTITY#1017,www.ebay.com//7895
ENTITY#1019,www.bidorbuy.co.za//1483
ENTITY#1018,www.pricequebec.com//1910
ENTITY#1019,www.ebay.com//17955
ENTITY#1020,www.ebay.com//15367
ENTITY#1021,www.ebay.com//17267
ENTITY#1022,www.pricequebec.com//770
ENTITY#1017,www.ebay.com//15533
ENTITY#1019,www.bidorbuy.co.za//1686
ENTITY#1018,www.vology.com//1976
ENTITY#1021,www.ebay.com//17133
ENTITY#1022,www.pricequebec.com//1221
ENTITY#1022,www.pricequebec.com//1518
ENTITY#1019,www.bidorbuy.co.za//1030
ENTITY#1019,www.ebay.com//14435
ENTITY#1019,www.vology.com//1668
ENTITY#1017,www.ebay.com//14111
ENTITY#1022,www.pricequebec.com//1465
ENTITY#1017,www.ebay.com//18203
ENTITY#1020,www.gosale.com//195
ENTITY#1020,www.isupplyhub.com//1057
ENTITY#1016,www.isupplyhub.com//985
ENTITY#1012,www.ebay.com//52283
ENTITY#1013,www.vology.com//1800
ENTITY#1013,www.vology.com//4374
ENTITY#1014,www.ebay.com//14060
ENTITY#1014,www.ebay.com//4704
ENTITY#1015,www.vology.com//2042
ENTITY#1012,www.vology.com//1818
ENTITY#1013,www.vology.com//1778
ENTITY#1012,www.ebay.com//51840
ENTITY#1013,www.vology.com//3414
ENTITY#1015,www.ebay.com//18743
ENTITY#1013,www.vology.com//210
ENTITY#1014,www.ebay.com//14102
ENTITY#1012,www.vology.com//2930
ENTITY#1014,www.ebay.com//13914
ENTITY#1012,www.vology.com//135
ENTITY#464,livehotdeals.com//1179
ENTITY#464,www.softwarecity.ca//682
ENTITY#464,livehotdeals.com//1146
ENTITY#464,www.pricequebec.com//1684
ENTITY#464,www.pricequebec.com//161
ENTITY#464,www.pricequebec.com//1102
